{"accuracy": [0.7408666014671326, 0.7737184762954712, 0.8786462545394897, 0.8953908085823059, 0.9014089703559875, 0.9036037921905518, 0.9057632684707642, 0.9061172604560852, 0.9087368845939636, 0.9087722897529602, 0.9102591276168823, 0.9084537029266357, 0.9128080010414124], "val_accuracy": [0.7423664331436157, 0.847328245639801, 0.902671754360199, 0.902671754360199, 0.8893129825592041, 0.8969465494155884, 0.9179389476776123, 0.9141221642494202, 0.9179389476776123, 0.9179389476776123, 0.9179389476776123, 0.8778625726699829, 0.9236640930175781], "loss": [0.5835015773773193, 0.4625350832939148, 0.3463180959224701, 0.30562686920166016, 0.2898942530155182, 0.28050345182418823, 0.2722863256931305, 0.2695953845977783, 0.26356399059295654, 0.2604193687438965, 0.25667619705200195, 0.25722166895866394, 0.25160035490989685], "val_loss": [0.5481270551681519, 0.3858591616153717, 0.2912631034851074, 0.27532824873924255, 0.2880099415779114, 0.2675696313381195, 0.23746149241924286, 0.24076861143112183, 0.23702386021614075, 0.22859379649162292, 0.2291245460510254, 0.29441869258880615, 0.22779376804828644]}