{"accuracy": [0.7420348525047302, 0.7965519428253174, 0.8855140209197998, 0.8996742963790894, 0.9013027548789978, 0.9074270725250244, 0.9097281098365784, 0.909763514995575, 0.9119229912757874, 0.9136930108070374, 0.914082407951355, 0.9169498682022095, 0.9192509055137634], "val_accuracy": [0.7423664331436157, 0.8931297659873962, 0.8912213444709778, 0.8874045610427856, 0.9122137427330017, 0.9236640930175781, 0.9179389476776123, 0.9217557311058044, 0.9293892979621887, 0.9064885377883911, 0.9312977194786072, 0.9332060813903809, 0.9312977194786072], "loss": [0.5802085995674133, 0.44271397590637207, 0.31608083844184875, 0.2896241843700409, 0.2764369249343872, 0.2658778131008148, 0.2621428370475769, 0.25475457310676575, 0.2520197033882141, 0.24721848964691162, 0.24687457084655762, 0.23904642462730408, 0.23544056713581085], "val_loss": [0.5223633050918579, 0.3285571336746216, 0.29079630970954895, 0.2875444293022156, 0.2463655322790146, 0.22969798743724823, 0.22776351869106293, 0.21891789138317108, 0.21519868075847626, 0.247637078166008, 0.20064352452754974, 0.20972983539104462, 0.1869160383939743]}