{"accuracy": [0.7353441119194031, 0.7421410083770752, 0.7421410083770752, 0.7803738117218018, 0.8268904089927673, 0.8774426579475403, 0.875531017780304, 0.8946474194526672, 0.9025063514709473, 0.8969838619232178], "val_accuracy": [0.7423664331436157, 0.7423664331436157, 0.7423664331436157, 0.830152690410614, 0.8358778357505798, 0.864503800868988, 0.8606870174407959, 0.8797709941864014, 0.885496199131012, 0.9179389476776123], "loss": [0.6226021647453308, 0.574235200881958, 0.4913923442363739, 0.3984285891056061, 0.3637091815471649, 0.3495466113090515, 0.3398878872394562, 0.3074936866760254, 0.30246812105178833, 0.29039907455444336], "val_loss": [0.5770923495292664, 0.5446249842643738, 0.4261302947998047, 0.3779028654098511, 0.37598755955696106, 0.32569780945777893, 0.3373226523399353, 0.3064154088497162, 0.29244449734687805, 0.2574132978916168]}