{"accuracy": [0.7349193096160889, 0.7421410083770752, 0.7703908085823059, 0.8285896182060242, 0.8355990052223206, 0.8564146161079407, 0.8806287050247192, 0.888487696647644, 0.8933729529380798, 0.8993203043937683], "val_accuracy": [0.7423664331436157, 0.7423664331436157, 0.8416030406951904, 0.8606870174407959, 0.8625954389572144, 0.8912213444709778, 0.8969465494155884, 0.9064885377883911, 0.885496199131012, 0.9236640930175781], "loss": [0.6090252995491028, 0.5539572834968567, 0.45211362838745117, 0.3764684200286865, 0.3455301821231842, 0.32718217372894287, 0.32219815254211426, 0.2950870096683502, 0.29111823439598083, 0.28542622923851013], "val_loss": [0.5688657164573669, 0.52778559923172, 0.3783591091632843, 0.36615946888923645, 0.32311347126960754, 0.2898421585559845, 0.28379616141319275, 0.26351839303970337, 0.28324565291404724, 0.24610117077827454]}