{"accuracy": [0.7415392398834229, 0.8333333134651184, 0.8854078054428101, 0.8961696624755859, 0.9007009267807007, 0.9020815491676331, 0.9080289006233215, 0.9095157384872437, 0.9130203723907471, 0.9129495620727539, 0.9147904515266418, 0.915215253829956, 0.9159940481185913], "val_accuracy": [0.7423664331436157, 0.8664122223854065, 0.8721374273300171, 0.9122137427330017, 0.919847309589386, 0.9179389476776123, 0.919847309589386, 0.8587786555290222, 0.9351145029067993, 0.9217557311058044, 0.9351145029067993, 0.9293892979621887, 0.9351145029067993], "loss": [0.5595222115516663, 0.3930024206638336, 0.31302034854888916, 0.2890602648258209, 0.2778213620185852, 0.27352669835090637, 0.26054030656814575, 0.25842154026031494, 0.2479642778635025, 0.24769122898578644, 0.2399217188358307, 0.24047961831092834, 0.23416846990585327], "val_loss": [0.4600919485092163, 0.31382185220718384, 0.30304113030433655, 0.2465669810771942, 0.241827592253685, 0.24110335111618042, 0.2232442945241928, 0.3340163826942444, 0.21275465190410614, 0.21432086825370789, 0.2068493515253067, 0.2102564573287964, 0.19914384186267853]}